CREATE DATABASE TANISH_119

CREATE TABLE deposit(
ACTNO INT,
CNAME VARCHAR(50),
BNAME VARCHAR(50),
AMOUNT DECIMAL(8,2),
ADATE DATETIME,
);

SELECT * FROM DEPOSIT

CREATE TABLE BRANCH(
BNAME VARCHAR(50),
CITY VARCHAR(50),
);

SELECT * FROM BRANCH

CREATE TABLE CUSTOMERS(
CNAME VARCHAR(50),
CITY VARCHAR(50),
);

SELECT * FROM CUSTOMERS

CREATE TABLE BORROW(
LOANNO INT,
CNAME VARCHAR(50),
BNAME VARCHAR(50),
AMOUNT DECIMAL(8,2),
)

SELECT * FROM BORROW

INSERT INTO DEPOSIT VALUES

(101,'ANIL','VRCE',1000.00,'1995-MAR-01'),
(102,'SUNIL','AJNI',5000.00,'1996-JAN-04'),
(103,'MEHUL','KAROLBAGH',3500.00,'1995-NOV-17'),
(104,'MADHURI','CHANDI',1200.00,'1995-DEC-17'),
(105,'PRMOD','M.G.ROAD',3000.00,'1996-MAR-27'),
(106,'SANDIP','ANDHERI',2000.00,'1996-MAR-31'),
(107,'SHIVANI','VIRAR',1000.00,'1995-SEP-02'),
(108,'KRANTI','NEHRU PLACE',5000.00,'1995-JUL-02'),
(109,'MINU','POWAI',7000.00,'1995-AUG-10'),
(110,'KARAN','BANDRA',4500.00,'1994-FEB-23');

INSERT INTO BRANCH VALUES

('VRCE','NAGPUR'),
('AJNI','NAGPUR'),
('KAROLBAGH','DELHI'),
('CHANDI','DELHI'),
('DHARAMPETH','NAGPUR'),
('M.G.ROAD','BANGLORE'),
('ANDHERI','BOMBAY'),
('VIRAR','BOMBAY'),
('NEHRU PLACE','DELHI'),
('POWAI','BOMBAY');


INSERT INTO CUSTOMERS VALUES
('ANIL','CALCUTTA'),
('SUNIL','DELHI'),
('MEHUL','BARODA'),
('MANDAR','PATNA'),
('MADHURI','NAGPUR'),
('PRAMOD','NAGPUR'),
('SANDIP','SURAT'),
('SHIVANI','BOMBAY'),
('KRANTI','BOMBAY'),
('NAREN','BOMBAY');

INSERT INTO borrow VALUES
(20,'anil','vrce',1000.00),
(206,'MEHUL','AJNI',5000.00),
(311,'SUNIL','DHARAMPETH',3000.00),
(321,'MADHURI','ANDHERI',2000.00),
(375,'PRMOD','VIRAR',8000.00),
(481,'KRANTI','NEHRU PLACE',3000.00);

select * from borrow
select * from customers
select * from branch
select * from deposit